<?xml version="1.0" encoding="utf-8" ?>
<objects xmlns="http://www.springframework.net">
  <object name="strProcessProxyNotifications" type="System.String" factory-method="Copy">
    <constructor-arg index="0">
      <value>TRUE</value>
    </constructor-arg>
  </object>

  <object type="IFS.BusinessLayer.Cache.DbUpdateNotifier, IFS.BusinessLayer" id="cacheUpdateNotifier" singleton="true"/>

  <object type="IFS.BusinessLayer.Cache.Singleton&lt;IFS.BusinessLayer.Loader.CountryLoader>, IFS.BusinessLayer" id="countryLoader" factory-method="GetInstance"/>
  <object type="IFS.BusinessLayer.Cache.Singleton&lt;IFS.BusinessLayer.Loader.PortfolioLoader>, IFS.BusinessLayer" id="portfolioLoader" factory-method="GetInstance"/>
  <object type="IFS.BusinessLayer.Cache.Singleton&lt;IFS.BusinessLayer.Loader.RoleLoader>, IFS.BusinessLayer" id="roleLoader" factory-method="GetInstance"/>
  <object type="IFS.BusinessLayer.Cache.Singleton&lt;IFS.BusinessLayer.Loader.OrganizationLoader>, IFS.BusinessLayer" id="organizationLoader" factory-method="GetInstance"/>
	<object type="IFS.BusinessLayer.Loader.SecurityPricingAttachmentLoader, IFS.BusinessLayer" id="securityPricingAttachmentLoader" singleton="true">
		<constructor-arg index="0" ref="SecurityPricingAttachmentDbRepository"/>
	</object>
	<object type="IFS.BusinessLayer.Loader.ImmutableGsmCompanyLoader, IFS.BusinessLayer" id="immutableGsmCompanyLoader" singleton="true">
    <constructor-arg index="0" ref="ImmutableGsmCompanyRepository"/>
  </object>
  <object type="IFS.BusinessLayer.Loader.ImmutableGsmOfficeLoader, IFS.BusinessLayer" id="immutableGsmOfficeLoader" singleton="true">
    <constructor-arg index="0" ref="ImmutableGsmOfficeRepository"/>
  </object>
  <object type="IFS.BusinessLayer.GSM.Immutable.Loader.ImmutableGsmContactPersonLoader, IFS.BusinessLayer" id="immutableGsmContactPersonLoader" singleton="true">
    <constructor-arg index="0" ref="ImmutableGsmContactPersonRepository"/>
  </object>
  <object type="IFS.BusinessLayer.Cache.Singleton&lt;IFS.BusinessLayer.Loader.GsmFundOfficeLoader>, IFS.BusinessLayer" id="gsmFundOfficeLoader" factory-method="GetInstance"/>
  <object type="IFS.BusinessLayer.Cache.Singleton&lt;IFS.BusinessLayer.Loader.GsmContactPersonLoader>, IFS.BusinessLayer" id="gsmContactPersonLoader" factory-method="GetInstance"/>
  <object type="IFS.BusinessLayer.Cache.Singleton&lt;IFS.BusinessLayer.Loader.VendorLoader>, IFS.BusinessLayer" id="vendorLoader" factory-method="GetInstance"/>
  <object type="IFS.BusinessLayer.Cache.Singleton&lt;IFS.BusinessLayer.Loader.CurrencyLoader>, IFS.BusinessLayer" id="currencyLoader" factory-method="GetInstance"/>
  <object type="IFS.BusinessLayer.Cache.Singleton&lt;IFS.BusinessLayer.Loader.EnumValueLoader>, IFS.BusinessLayer" id="enumValueLoader" factory-method="GetInstance"/>
  <object type="IFS.BusinessLayer.Cache.Singleton&lt;IFS.BusinessLayer.Loader.EnumGroupLoader>, IFS.BusinessLayer" id="enumGroupLoader" factory-method="GetInstance"/>
  <object type="IFS.BusinessLayer.Cache.Singleton&lt;IFS.BusinessLayer.Loader.CompanyLoader>, IFS.BusinessLayer" id="companyLoader" factory-method="GetInstance"/>
  <object type="IFS.BusinessLayer.Cache.Singleton&lt;IFS.BusinessLayer.Loader.NoteLoader>, IFS.BusinessLayer" id="noteLoader" factory-method="GetInstance"/>
  <object type="IFS.BusinessLayer.Cache.Singleton&lt;IFS.BusinessLayer.Loader.PortfolioLockdownCollectionLoader>, IFS.BusinessLayer" id="portfolioLockdownCollectionLoader" factory-method="GetInstance"/>
  <object type="IFS.BusinessLayer.Cache.Singleton&lt;IFS.BusinessLayer.Loader.BaseFundLoader>, IFS.BusinessLayer" id="baseFundLoader" factory-method="GetInstance"/>
  <object type="IFS.BusinessLayer.Cache.Singleton&lt;IFS.BusinessLayer.Loader.InvestableFundLoader>, IFS.BusinessLayer" id="investableFundLoader" factory-method="GetInstance"/>
  <object type="IFS.BusinessLayer.Cache.Singleton&lt;IFS.BusinessLayer.Loader.InvestableFundListLoader>, IFS.BusinessLayer" id="investableFundListLoader" factory-method="GetInstance"/>
  <object type="IFS.BusinessLayer.Cache.Singleton&lt;IFS.BusinessLayer.Loader.BenchmarkLoader>, IFS.BusinessLayer" id="benchmarkLoader" factory-method="GetInstance"/>
  <object type="IFS.BusinessLayer.Cache.Singleton&lt;IFS.BusinessLayer.Loader.UserLoader>, IFS.BusinessLayer" id="userLoader" factory-method="GetInstance"/>
  <object type="IFS.BusinessLayer.Cache.Singleton&lt;IFS.BusinessLayer.Loader.SeriesLoader>, IFS.BusinessLayer" id="seriesLoader" factory-method="GetInstance"/>
  <object type="IFS.BusinessLayer.Cache.Singleton&lt;IFS.BusinessLayer.Loader.RatesCacheLoader>, IFS.BusinessLayer" id="ratesCacheLoader" factory-method="GetInstance"/>
  <object type="IFS.BusinessLayer.Cache.Singleton&lt;IFS.BusinessLayer.Loader.SystemTypeLoader>, IFS.BusinessLayer" id="systemTypeLoader" factory-method="GetInstance"/>
  <object type="IFS.BusinessLayer.Cache.Singleton&lt;IFS.BusinessLayer.Loader.CustomAumCollectionLoader>, IFS.BusinessLayer" id="customAumCollectionLoader" factory-method="GetInstance"/>
  <object type="IFS.BusinessLayer.Cache.Singleton&lt;IFS.BusinessLayer.Loader.PerformanceMonitoringSettingsLoader>, IFS.BusinessLayer" id="performanceMonitoringSettingsLoader" factory-method="GetInstance"/>
  <object type="IFS.BusinessLayer.Cache.Singleton&lt;IFS.BusinessLayer.Loader.WorkerLoader>, IFS.BusinessLayer" id="workerLoader" factory-method="GetInstance"/>
  <object type="IFS.BusinessLayer.Cache.Singleton&lt;IFS.BusinessLayer.Loader.PortfolioLockdownSnapshotLoader>, IFS.BusinessLayer" id="portfolioLockdownSnapshotLoader" factory-method="GetInstance"/>
  <object type="IFS.BusinessLayer.Cache.Singleton&lt;IFS.BusinessLayer.Loader.BenchmarkAssignmentLoader>, IFS.BusinessLayer" id="benchmarkAssignmentLoader" factory-method="GetInstance"/>
  <object type="IFS.BusinessLayer.Cache.Singleton&lt;IFS.BusinessLayer.Loader.NonHedgeFundLoader>, IFS.BusinessLayer" id="nonHedgeFundLoader" factory-method="GetInstance"/>
  <object type="IFS.BusinessLayer.Cache.Singleton&lt;IFS.BusinessLayer.Loader.GlsDataLoader>, IFS.BusinessLayer" id="glsDataLoader" factory-method="GetInstance"/>
  <object type="IFS.BusinessLayer.Cache.Singleton&lt;IFS.BusinessLayer.Loader.IssCashLoader>, IFS.BusinessLayer" id="issCashLoader" factory-method="GetInstance"/>
  <object type="IFS.BusinessLayer.Cache.Singleton&lt;IFS.BusinessLayer.Common.BulkSaveDataFactory>, IFS.BusinessLayer" id="bulkSaveDataFactory" factory-method="GetInstance"/>
  <object type="IFS.BusinessLayer.Cache.Singleton&lt;IFS.BusinessLayer.Cafm.CafmRepositoryWrapperFactory>, IFS.BusinessLayer" id="cafmRepositoryWrapperFactory" factory-method="GetInstance"/>
  
  <object type="IFS.BusinessLayer.Loader.BaseFundsIdLoader, IFS.BusinessLayer" id="baseFundsIdLoader" singleton="true"/>
  <object type="IFS.BusinessLayer.Mail.FTSWrapper, IFS.BusinessLayer" id="omsMailMessanger" singleton="false" ></object>
  <object type="IFS.BusinessLayer.SeriesFund, IFS.BusinessLayer" id="newSeriesFund" singleton="false" ></object>
  <object type="IFS.BusinessLayer.Trade.Snapshot.AllocationSnapshot, IFS.BusinessLayer" id="allocationSnapshot" singleton="false"></object>
  <object type="IFS.BusinessLayer.OrderManagementSystem.TradeOrderProcessor, IFS.BusinessLayer" id="TradeOrderProcessor" singleton="false"></object>
  <object type="IFS.Workflows.WorkflowInvokers.OmsWorkflowInvoker, IFS.Workflows" id="OmsWfInvoker" singleton="false"></object>
  <object type="IFS.BusinessLayer.Launchpad.LaunchpadPricingCalculator, IFS.BusinessLayer" id="LaunchpadPricingCalculator" singleton="false"></object>
  <object type="IFS.BusinessLayer.Trade.CashDistributionProcessor, IFS.BusinessLayer" id="CashDistributionProcessor" singleton="false"></object>
  <object type="IFS.BusinessLayer.Trade.InvestmentCalculator, IFS.BusinessLayer" id="InvestmentCalculator" singleton="false"></object>
  <object type="IFS.CloudProxies.Reports.ReportHoldingsServiceProxy, IFS.CloudProxies" id="CloudInnerReportHoldingsService" lazy-init="true" />
  <object type="IFS.CloudProxies.Reports.ReportQuarterlyServiceProxy, IFS.CloudProxies" id="CloudInnerReportQuarterlyService" lazy-init="true" />  
  <object type="IFS.CloudProxies.Reports.ReportGsmCpExceptionServiceProxy, IFS.CloudProxies" id="CloudInnerReportGsmCpExceptionService" lazy-init="true" />
  <object type="IFS.BusinessLayer.Utilities.PathUtilities, IFS.BusinessLayer" id="PathUtilities" singleton="false"></object>
  <object type="IFS.BusinessLayer.Portfolio, IFS.BusinessLayer" id="Portfolio" singleton="false"></object>
  <object type="IFS.BusinessLayer.security.CActiveDirectory, IFS.BusinessLayer" id="UserInfoService" singleton="true"></object>
  <object type="IFS.PasswordMatrix.PwMatrixComImpl, IFS.PasswordMatrix" id="PasswordMatrixService" singleton="true"></object>
  <object type="IFS.BusinessLayer.Common.BulkSaveData, IFS.BusinessLayer" id="BulkSaveData" singleton="false"></object>
  <object type="IFS.BusinessLayer.WebFolio.Csv.FundOperationsGenerator, IFS.BusinessLayer" id="fundOperationsCsvGenerator" ></object>
  <object type="IFS.BusinessLayer.WebFolio.Xml.FundOperationsXmlGenerator, IFS.BusinessLayer" id="fundOperationsXmlGenerator" ></object>
  <object type="IFS.BusinessLayer.WebFolio.Csv.ExchangeOperationsGenerator, IFS.BusinessLayer" id="exchangeOperationsCsvGenerator" ></object>
  <object type="IFS.BusinessLayer.WebFolio.Xml.ExchangeOperationsXmlGenerator, IFS.BusinessLayer" id="exchangeOperationsXmlGenerator" ></object>

  <!-- Sequence providers -->
  <object type="IFS.BusinessLayer.Common.GenericSequenceProvider&lt;FundSequenceDataT>, IFS.BusinessLayer" id="FundSequenceProvider" singleton="true"></object>
  <object type="IFS.BusinessLayer.Common.GenericSequenceProvider&lt;FundPropertiesSequenceDataT>, IFS.BusinessLayer" id="FundPropertiesSequenceProvider" singleton="true"></object>
  <object type="IFS.BusinessLayer.Common.GenericSequenceProvider&lt;GroupSequenceDataT>, IFS.BusinessLayer" id="GroupSequenceProvider" singleton="true"></object>
  <object type="IFS.BusinessLayer.Common.GenericSequenceProvider&lt;GroupXrefSequenceDataT>, IFS.BusinessLayer" id="GroupXrefSequenceProvider" singleton="true"></object>
  <object type="IFS.BusinessLayer.Common.GenericSequenceProvider&lt;TransactionSequenceDataT>, IFS.BusinessLayer" id="TransactionSequenceProvider" singleton="true"></object>
  <object type="IFS.BusinessLayer.Common.GenericSequenceProvider&lt;EstimateAttachmentSequenceDataT>, IFS.BusinessLayer" id="EstimateAttachmentSequenceProvider" singleton="true"></object>
  <object type="IFS.BusinessLayer.Common.GenericSequenceProvider&lt;SecurityPricingAttachmentSequenceDataT>, IFS.BusinessLayer" id="SecurityPricingAttachmentSequenceProvider" singleton="true"></object>
  <object type="IFS.BusinessLayer.Common.GenericSequenceProvider&lt;SecurityPricingSequenceDataT>, IFS.BusinessLayer" id="SecurityPricingSequenceProvider" singleton="true"></object>
  <object type="IFS.BusinessLayer.Common.GenericSequenceProvider&lt;AllocationSequenceDataT>, IFS.BusinessLayer" id="AllocationSequenceProvider" singleton="true"></object>
  <object type="IFS.BusinessLayer.Common.GenericSequenceProvider&lt;ExchangeSequenceDataT>, IFS.BusinessLayer" id="ExchangeSequenceProvider" singleton="true"></object>
  <object type="IFS.BusinessLayer.Common.GenericSequenceProvider&lt;RedemptionLotSequenceDataT>, IFS.BusinessLayer" id="LotSequenceProvider" singleton="true"></object>
  <object type="IFS.BusinessLayer.Common.GenericSequenceProvider&lt;AvgActualExchangeInSequenceDataT>, IFS.BusinessLayer" id="AvgActualExchangeInSequenceProvider" singleton="true"></object>
  <object type="IFS.BusinessLayer.Common.GenericSequenceProvider&lt;AvgActualExchangeSequenceDataT>, IFS.BusinessLayer" id="AvgActualExchangeSequenceProvider" singleton="true"></object>
  <object type="IFS.BusinessLayer.Common.GenericSequenceProvider&lt;AvgActualRedemptionLotSequenceDataT>, IFS.BusinessLayer" id="AvgActualLotSequenceProvider" singleton="true"></object>
  <object type="IFS.BusinessLayer.Common.GenericSequenceProvider&lt;TradeOrderSequenceDataT>, IFS.BusinessLayer" id="TradeOrderSequenceProvider" singleton="true"></object>
  <object type="IFS.BusinessLayer.Common.GenericSequenceProvider&lt;TradeOrderApprovalSequenceDataT>, IFS.BusinessLayer" id="TradeOrderApprovalSeqProvider" singleton="true"></object>
  <object type="IFS.BusinessLayer.Common.GenericSequenceProvider&lt;IssCashSequenceDataT>, IFS.BusinessLayer" id="IssCashSequenceProvider" singleton="true"></object>
  <object type="IFS.BusinessLayer.Common.GenericSequenceProvider&lt;GsmCompanySequenceDataT>, IFS.BusinessLayer" id="GsmCompanySequenceProvider" singleton="true"></object>
  <object type="IFS.BusinessLayer.Common.GenericSequenceProvider&lt;GsmOfficeSequenceDataT>, IFS.BusinessLayer" id="GsmOfficeSequenceProvider" singleton="true"></object>
  <object type="IFS.BusinessLayer.Common.GenericSequenceProvider&lt;GsmContactPersonSequenceDataT>, IFS.BusinessLayer" id="GsmContactPersonSequenceProvider" singleton="true"></object>
  <object type="IFS.BusinessLayer.Common.GenericSequenceProvider&lt;SecurityPricingCommentsSequenceDataT>, IFS.BusinessLayer" id="SecurityPricingCommentsSequenceProvider" singleton="true"></object>
  <object type="IFS.BusinessLayer.Common.GenericSequenceProvider&lt;SoftLockSnapshotSequenceDataT>, IFS.BusinessLayer" id="SoftLockSnapshotSequenceProvider" singleton="true"></object>
  <object type="IFS.BusinessLayer.Common.GenericSequenceProvider&lt;LockedTransactionXrefSequenceDataT>, IFS.BusinessLayer" id="LockedTransactionXrefSequenceProvider" singleton="true"></object>
  <object type="IFS.BusinessLayer.Common.GenericSequenceProvider&lt;ChecklistLinkGroupSequenceDataT>, IFS.BusinessLayer" id="ChecklistLinkGroupSequenceProvider" singleton="true"></object>
  <object type="IFS.BusinessLayer.Common.GenericSequenceProvider&lt;DueEstimateAndFinalsCommentSequenceDataT>, IFS.BusinessLayer" id="DueEstimateAndFinalsCommentSequenceProvider" singleton="true"></object>
  <object type="IFS.BusinessLayer.Common.GenericSequenceProvider&lt;SecurityPricingPortfolioSequenceDataT>, IFS.BusinessLayer" id="SecurityPricingPortfolioSequenceProvider" singleton="true"></object>
  <object type="IFS.BusinessLayer.Common.GenericSequenceProvider&lt;SecurityPricingGroupSequenceDataT>, IFS.BusinessLayer" id="SecurityPricingGroupSequenceProvider" singleton="true"></object>
  <object type="IFS.BusinessLayer.Common.GenericSequenceProvider&lt;SecurityPricingAttachmentGroupSequenceDataT>, IFS.BusinessLayer" id="SecurityPricingAttachmentGroupSequenceProvider" singleton="true"></object>
  
	<!-- BusinessLayer repositories -->
	<!-- Contact repository-->
	<object id="ImmutableContactRepository" type="IFS.BusinessLayer.Repository.Contacts.ImmutableContactRepository, IFS.BusinessLayer" singleton="false">
		<constructor-arg index="0" ref="ImmutableContactMapper"/>
		<constructor-arg index="1" ref="AuditLogger"/>
		<constructor-arg index="2"  ref="ContactSequenceProvider"/>
	</object>
	<object id="ImmutableContactMapper" type="IFS.BusinessLayer.Repository.Contacts.ImmutableContactMapper, IFS.BusinessLayer" singleton="false"/>
	<object id="AuditLogger" type="IFS.BusinessLayer.Audit.AuditLogger&lt;IFS.BusinessLayer.Fund.FundProperties.ImmutableContact>, IFS.BusinessLayer" singleton="false">
	</object>
	<object id="ContactSequenceProvider" type="IFS.BusinessLayer.Repository.Contacts.ContactSequenceProviderImpl, IFS.BusinessLayer" singleton="false"/>

  <!-- Gsm Company Repository -->
  <object id="ImmutableGsmCompanyStore" type="IFS.BusinessLayer.GSM.CompanyContactManagement.ImmutableGsmCompanyStore, IFS.BusinessLayer" singleton="false">
    <constructor-arg index="0" ref="immutableGsmCompanyLoader"/>
    <constructor-arg index="1" ref="ImmutableGsmCompanyRepository"/>
  </object>
  <object id="ImmutableGsmCompanyRepository" type="IFS.BusinessLayer.GSM.CompanyContactManagement.ImmutableGsmCompanyRepository, IFS.BusinessLayer" singleton="false">
    <constructor-arg index="0" ref="ImmutableGsmCompanyMapper"/>
    <constructor-arg index="1" ref="GsmCompanyAuditLogger"/>
    <constructor-arg index="2" ref="GsmCompanySequenceProvider"/>
  </object>
  <object id="ImmutableGsmCompanyMapper" type="IFS.BusinessLayer.GSM.CompanyContactManagement.ImmutableGsmCompanyMapper, IFS.BusinessLayer" singleton="false"/>
  <object id="GsmCompanyAuditLogger" type="IFS.BusinessLayer.Audit.AuditLogger&lt;IFS.BusinessLayer.GSM.CompanyContactManagement.ImmutableGsmCompany>, IFS.BusinessLayer" singleton="false"/>

  <!-- ImmutableGsmContactPersonStore  -->
  <object id="ImmutableGsmContactPersonStore" type=" IFS.BusinessLayer.GSM.Immutable.Store.ImmutableGsmContactPersonStore, IFS.BusinessLayer" singleton="false">
    <constructor-arg index="0" ref="ImmutableGsmContactPersonRepository"/>
    <constructor-arg index="1" ref="immutableGsmContactPersonLoader"/>
    <constructor-arg index="2" ref="GsmFundOfficeContactBLRepository"/>
    <constructor-arg index="3" ref="gsmFundOfficeLoader"/>
    <constructor-arg index="4" ref="immutableGsmCompanyLoader"/>
    <constructor-arg index="5" ref="ImmutableGsmContactPersonRelatedDataProcessor"/>
    <constructor-arg index="6" ref="ContactPersonHistoryDataProvider"/>
  </object>
  <object id="ImmutableGsmContactPersonRepository" type="IFS.BusinessLayer.GSM.Immutable.Repository.ImmutableGsmContactPersonRepository, IFS.BusinessLayer" singleton="false">
    <constructor-arg index="0" ref="ImmutableGsmContactPersonMapper"/>
    <constructor-arg index="1" ref="ImmutableGsmContactPersonAuditLogger"/>
    <constructor-arg index="2" ref="GsmContactPersonSequenceProvider"/>
  </object>
  <object id="ImmutableGsmContactPersonRelatedDataProcessor" type="IFS.BusinessLayer.GSM.Immutable.ImmutableGsmContactPersonRelatedDataProcessor, IFS.BusinessLayer" singleton="false">
    <constructor-arg index="0" ref="GsmFundOfficeContactBLRepository"/>
  </object>
  <object id="ImmutableGsmContactPersonMapper" type="IFS.BusinessLayer.GSM.Immutable.Mapper.ImmutableGsmContactPersonMapper, IFS.BusinessLayer" singleton="false"/>
  <object id="ImmutableGsmContactPersonAuditLogger" type="IFS.BusinessLayer.Audit.AuditLogger&lt;IFS.BusinessLayer.GSM.Immutable.ImmutableGsmContactPerson>, IFS.BusinessLayer" singleton="false"/>
  <object id="GsmFundOfficeContactBLRepository" type="IFS.BusinessLayer.Repository.GsmFundOfficeContactBlRepository, IFS.BusinessLayer" singleton="false"/>
  <object id="ContactPersonHistoryDataProvider" type="IFS.BusinessLayer.GSM.CompanyContactManagement.ContactPersonHistoryDataProvider, IFS.BusinessLayer" singleton="false"/>

  <!-- GSM Office Repository -->
  <object id="ImmutableGsmOfficeStore" type="IFS.BusinessLayer.Repository.GsmOffices.ImmutableGsmOfficeStore, IFS.BusinessLayer" singleton="true">
    <constructor-arg index="0" ref="ImmutableGsmOfficeRepository"/>
    <constructor-arg index="1" ref="immutableGsmOfficeLoader"/>
    <constructor-arg index="2" ref="immutableGsmCompanyLoader"/>
  </object>
  <object id="ImmutableGsmOfficeRepository" type="IFS.BusinessLayer.Repository.GsmOffices.ImmutableGsmOfficeRepository, IFS.BusinessLayer" singleton="true">
    <constructor-arg index="0" ref="ImmutableGsmOfficeMapper"/>
    <constructor-arg index="1" ref="GsmOfficeAuditLogger"/>
    <constructor-arg index="2" ref="GsmOfficeSequenceProvider"/>
  </object>
  <object id="ImmutableGsmOfficeMapper" type="IFS.BusinessLayer.Repository.GsmOffices.ImmutableGsmOfficeMapper, IFS.BusinessLayer" singleton="true"/>
  <object id="GsmOfficeAuditLogger" type="IFS.BusinessLayer.Audit.AuditLogger&lt;IFS.BusinessLayer.GSM.CompanyContactManagement.ImmutableGsmOffice>, IFS.BusinessLayer" singleton="true"/>
	<object id="CafmRepository" type="CafmRepositoryFacade.CafmRepository" singleton="false"/>

  <object id="SecurityPricingGroupRepository" type="IFS.BusinessLayer.GSM.CentralPricing.SecurityPricingGroupRepository, IFS.BusinessLayer" singleton="true">
    <constructor-arg index="0" ref="SecurityPricingGroupDbRepository"/>
    <constructor-arg index="1" ref="SecurityPricingGroupSequenceProvider"/>
  </object>
  
	<!-- DbRepositories -->
  <object id="SeriesDbRepository" type="IFS.DbRepository.SeriesDbRepository, IFS.DbRepository" singleton="false"/>
  <object id="CompanyDbRepository" type="IFS.DbRepository.CompanyDbRepository, IFS.DbRepository" singleton="false"/>
  <object id="CompanyGroupDbRepository" type="IFS.DbRepository.CompanyGroupDbRepository, IFS.DbRepository" singleton="false"/>
  <object id="GsmCompanyDbRepository" type="IFS.DbRepository.GsmCompanyDbRepository, IFS.DbRepository" singleton="false"/>
  <object id="GsmFundOfficeDbRepository" type="IFS.DbRepository.GsmFundOfficeDbRepository, IFS.DbRepository" singleton="false"/>
  <object id="WireDetailsDbRepository" type="IFS.DbRepository.WireDetailsDbRepository, IFS.DbRepository" singleton="false"/>
  <object id="UserDbRepository" type="IFS.DbRepository.UserDbRepository, IFS.DbRepository" singleton="false"/>
  <object id="GlsImportDataDbRepository" type="IFS.DbRepository.GlsImportDataDbRepository, IFS.DbRepository" singleton="false"/>
  <object id="IssCashDbRepository" type="IFS.DbRepository.IssCashDbRepository, IFS.DbRepository" singleton="false"/>
  <object id="OrganizationDataDbRepository" type="IFS.DbRepository.OrganizationDataDbRepository, IFS.DbRepository" singleton="false"/>
  <object id="PortfolioLockDownDbRepository" type="IFS.DbRepository.PortfolioLockDownDbRepository, IFS.DbRepository" singleton="false"/>
  <object id="ClientBenchmarkDbRepository" type="IFS.DbRepository.ClientBenchmarkDbRepository, IFS.DbRepository" singleton="false"/>
  <object id="BenchmarkAssignmentDbRepository" type="IFS.DbRepository.BenchmarkAssignmentDbRepository, IFS.DbRepository" singleton="false"/>
  <object id="MailTemplateDbRepository" type="IFS.DbRepository.MailTemplateDbRepository, IFS.DbRepository" singleton="false"/>
  <object id="TransactionViewDbRepository" type="IFS.DbRepository.TransactionViewDbRepository, IFS.DbRepository" singleton="false"/>
  <object id="UnderlyingFundDbRepository" type="IFS.DbRepository.UnderlyingFundDbRepository, IFS.DbRepository" singleton="false"/>
  <object id="SecurityPricingListDbRepository" type="IFS.DbRepository.SecurityPricingListDbRepository, IFS.DbRepository" singleton="false"/>  
  <object id="SecurityPricingCommentsDbRepository" type="IFS.DbRepository.SecurityPricingCommentsDbRepository, IFS.DbRepository" singleton="false"/>
  <object id="EnumValueDbRepository" type="IFS.DbRepository.EnumValueDbRepository, IFS.DbRepository" singleton="false"/>
  <object id="UserOrganizationLinkDbRepository" type="IFS.DbRepository.UserOrganizationLinkDbRepository, IFS.DbRepository" singleton="false"/>
  <object id="CurrencyDbRepository" type="IFS.DbRepository.CurrencyDbRepository, IFS.DbRepository" singleton="false"/>
  <object id="CountryDbRepository" type="IFS.DbRepository.CountryDbRepository, IFS.DbRepository" singleton="false"/>
  <object id="CustomAumDbRepository" type="IFS.DbRepository.CustomAumDbRepository, IFS.DbRepository" singleton="false"/>
  <object id="CorporateActionDbRepository" type="IFS.DbRepository.CorporateActionDbRepository, IFS.DbRepository" singleton="false"/>
  <object id="CorporateActFundXrefDbRepository" type="IFS.DbRepository.CorporateActFundXrefDbRepository, IFS.DbRepository" singleton="false"/>
  <object id="DataSnapshotDbRepository" type="IFS.DbRepository.DataSnapshotDbRepository, IFS.DbRepository" singleton="false"/>
  <object id="TransactionDbRepository" type="IFS.DbRepository.TransactionDbRepository, IFS.DbRepository" singleton="false"/>
  <object id="ChecklistDbRepository" type="IFS.DbRepository.ChecklistDbRepository, IFS.DbRepository" singleton="false"/>
  <object id="DbMaintenanceDbRepository" type="IFS.DbRepository.DbMaintenanceDbRepository, IFS.DbRepository" singleton="false"/>
  <object id="LockedTransactionXrefDbRepository" type="IFS.DbRepository.LockedTransactionXrefDbRepository, IFS.DbRepository" singleton="false"/>
  <object id="ChecklistLinkDbRepository" type="IFS.DbRepository.ChecklistLinkDbRepository, IFS.DbRepository" singleton="false"/>
  <object id="GlobalContactsViewDbRepository" type="IFS.DbRepository.GlobalContactsViewDbRepository, IFS.DbRepository" singleton="false"/>
  <object id="AllocationDbRepository" type="IFS.DbRepository.AllocationDbRepository, IFS.DbRepository" singleton="false" />
  <object id="AvgActualExchangeInDbRepository" type="IFS.DbRepository.AvgActualExchangeInDbRepository, IFS.DbRepository" singleton="false" />
  <object id="AllocationSnapshotDbRepository" type="IFS.DbRepository.AllocationSnapshotDbRepository, IFS.DbRepository" singleton="false" />
  <object id="AvgActualExchangeInSnapshotDbRepository" type="IFS.DbRepository.AvgActualExchangeInSnapshotDbRepository, IFS.DbRepository" singleton="false" />
  <object id="TradeOrderDbRepository" type="IFS.DbRepository.TradeOrderDbRepository, IFS.DbRepository" singleton="false"/>
  <object id="RedemptionLotDbRepository" type="IFS.DbRepository.RedemptionLotDbRepository, IFS.DbRepository" singleton="false"/>
  <object id="AvgActualRedemptionLotDbRepository" type="IFS.DbRepository.AvgActualRedemptionLotDbRepository, IFS.DbRepository" singleton="false"/>
  <object id="AccessDataDbRepository" type="IFS.DbRepository.AccessDataDbRepository, IFS.DbRepository" singleton="false"/>
  <object id="RateDbRepository" type="IFS.DbRepository.RateDbRepository, IFS.DbRepository" singleton="false"/>
  <object id="LayoutDbRepository" type="IFS.DbRepository.Layout.LayoutDbRepository, IFS.DbRepository" singleton="false"/>
  <object id="LayoutSharesDbRepository" type="IFS.DbRepository.Layout.LayoutSharesDbRepository, IFS.DbRepository" singleton="false"/>
  <object id="AttributeDetailsDbRepository" type="IFS.DbRepository.AttributeDetailsDbRepository, IFS.DbRepository" singleton="false"/>
  <object id="CacheUpdateNotificationDbRepository" type="IFS.DbRepository.CacheUpdateNotificationDbRepository, IFS.DbRepository" singleton="false"/>
  <object id="DueEstimateAndFinalsCommentDbRepository" type="IFS.DbRepository.DueEstimateAndFinalsCommentDbRepository, IFS.DbRepository" singleton="false"/>
  <object id="PvtEqtyAllocationBreakupDbRepository" type="IFS.DbRepository.PvtEqtyAllocationBreakupDbRepository, IFS.DbRepository" singleton="false"/>
  <object id="PendingTradeOrderDbRepository" type="IFS.DbRepository.TradeOrderPendingDbRepository, IFS.DbRepository" singleton="false"/>
  <object id="ConfigDataDbRepository" type="IFS.DbRepository.ConfigDataDbRepository, IFS.DbRepository" singleton="false"/>
  <object id="WfDeletedAllocationDbRepository" type="IFS.DbRepository.WfDeletedAllocationDbRepository, IFS.DbRepository" singleton="false"/>
  <object id="ClientCreditTermsDbRepository" type="IFS.DbRepository.ClientCreditTermsDbRepository, IFS.DbRepository" singleton="false"/>
  <object id="PortfolioGroupDbRepository" type="IFS.DbRepository.PortfolioGroupDbRepository, IFS.DbRepository" singleton="false"/>
  <object id="SnapshotEstimateDbRepository" type="IFS.DbRepository.SnapshotEstimateDbRepository, IFS.DbRepository" singleton="false"/>
  <object id="ContactDbRepository" type="IFS.DbRepository.ContactDbRepository, IFS.DbRepository" singleton="false"/>
  <object id="PortfolioNavInformationDbRepository" type="IFS.DbRepository.PortfolioNavInformationDbRepository, IFS.DbRepository" singleton="false"/>
  <object id="PortfolioInvestorActivityDbRepository" type="IFS.DbRepository.PortfolioInvestorActivityDbRepository, IFS.DbRepository" singleton="false"/>
  <object id="GsmFundOfficeContactDbRepository" type="IFS.DbRepository.GsmFundOfficeContactDbRepository, IFS.DbRepository" singleton="false"/>
  <object id="GsmFundLinkDbRepository" type="IFS.DbRepository.GsmFundLinkDbRepository, IFS.DbRepository" singleton="false"/>
	<object id="FileCafmDbRepository" type="IFS.DbRepository.FileCafmDbRepository, IFS.DbRepository" singleton="false"/>
	<object id="GsmContactPersonDbRepository" type="IFS.DbRepository.GsmContactPersonDbRepository, IFS.DbRepository" singleton="false"/>
	<object id="InvestmentDbRepository" type="IFS.DbRepository.InvestmentDbRepository, IFS.DbRepository" singleton="false"/>
  <object id="GsmOfficeDbRepository" type="IFS.DbRepository.GsmOfficeDbRepository, IFS.DbRepository" singleton="false"/>
  <object id="ContactPersonOfficeDbRepository" type="IFS.DbRepository.ContactPersonOfficeDbRepository, IFS.DbRepository" singleton="false"/>
  <object id="EstimateAttachmentDbRepository" type="IFS.DbRepository.EstimateAttachmentDbRepository, IFS.DbRepository" singleton="false"/>
  <object id="AvgActualExchangeDbRepository" type="IFS.DbRepository.AvgActualExchangeDbRepository, IFS.DbRepository" singleton="false"/>
  <object id="EstimateDbRepository" type="IFS.DbRepository.EstimateDbRepository, IFS.DbRepository" singleton="false"/>
  <object id="SecurityPricingDbRepository" type="IFS.DbRepository.SecurityPricingDbRepository, IFS.DbRepository" singleton="false"/>
  <object id="TradeExecutionDbRepository" type="IFS.DbRepository.TradeExecutionDbRepository, IFS.DbRepository" singleton="false"/>
  <object id="ExchangeDbRepository" type="IFS.DbRepository.ExchangeDbRepository, IFS.DbRepository" singleton="false"/>
  <object id="AllocationCashDetailsDbRepository" type="IFS.DbRepository.AllocationCashDetailsDbRepository, IFS.DbRepository" singleton="false"/>
  <object id="RedemptionHoldbackPaymentDbRepository" type="IFS.DbRepository.RedemptionHoldbackPaymentDbRepository, IFS.DbRepository" singleton="false"/>
  <object id="SecurityPricingAttachmentDbRepository" type="IFS.DbRepository.SecurityPricingAttachmentDbRepository, IFS.DbRepository" singleton="false"/>
  <object id="SecurityPricingGroupDbRepository" type="IFS.DbRepository.SecurityPricingGroupDbRepository, IFS.DbRepository" singleton="false"/>
	<object id="SnapshotDbRepository" type="IFS.DbRepository.SnapshotDbRepository, IFS.DbRepository" singleton="false"/>
	<object id="AllocationChecklistDbRepository" type="IFS.DbRepository.AllocationChecklistDbRepository, IFS.DbRepository" singleton="false"/>
	<object id="ChecklistSectionsDbRepository" type="IFS.DbRepository.ChecklistSectionsDbRepository, IFS.DbRepository" singleton="false"/>


	<!-- Aliases for Sequence providers -->
  <object id="IFSDataAccessTypeAlias" type="Spring.Objects.Factory.Config.TypeAliasConfigurer, Spring.Core">
    <property name="TypeAliases">
      <dictionary>
        <entry key="FundSequenceDataT" value="IFS.DataAccess.Entity.FundSequenceData, IFS.DataAccess"/>
        <entry key="FundPropertiesSequenceDataT" value="IFS.DataAccess.Entity.FundPropertiesSequenceData, IFS.DataAccess"/>
        <entry key="GroupSequenceDataT" value="IFS.DataAccess.Entity.GroupSequenceData, IFS.DataAccess"/>
        <entry key="GroupXrefSequenceDataT" value="IFS.DataAccess.Entity.GroupXrefSequenceData, IFS.DataAccess"/>
        <entry key="TransactionSequenceDataT" value="IFS.DataAccess.Entity.TransactionSequenceData, IFS.DataAccess"/>
        <entry key="EstimateAttachmentSequenceDataT" value="IFS.DataAccess.Entity.EstimateAttachmentSequenceData, IFS.DataAccess"/>
        <entry key="SecurityPricingAttachmentSequenceDataT" value="IFS.DataAccess.Entity.SecurityPricingAttachmentSequenceData, IFS.DataAccess"/>
        <entry key="SecurityPricingSequenceDataT" value="IFS.DataAccess.Entity.SecurityPricingSequenceData, IFS.DataAccess"/>
        <entry key="AllocationSequenceDataT" value="IFS.DataAccess.Entity.AllocationSequenceData, IFS.DataAccess"/>
        <entry key="ExchangeSequenceDataT" value="IFS.DataAccess.Entity.ExchangeSequenceData, IFS.DataAccess"/>
        <entry key="RedemptionLotSequenceDataT" value="IFS.DataAccess.Entity.RedemptionLotSequenceData, IFS.DataAccess"/>
        <entry key="AvgActualExchangeInSequenceDataT" value="IFS.DataAccess.Entity.AvgActualExchangeInSequenceData, IFS.DataAccess"/>
        <entry key="AvgActualExchangeSequenceDataT" value="IFS.DataAccess.Entity.AvgActualExchangeSequenceData, IFS.DataAccess"/>
        <entry key="AvgActualRedemptionLotSequenceDataT" value="IFS.DataAccess.Entity.AvgActualRedemptionLotSequenceData, IFS.DataAccess"/>
        <entry key="TradeOrderSequenceDataT" value="IFS.DataAccess.Entity.TradeOrderSequenceData, IFS.DataAccess"/>
        <entry key="TradeOrderApprovalSequenceDataT" value="IFS.DataAccess.Entity.TradeOrderApprovalSequenceData, IFS.DataAccess"/>
        <entry key="IssCashSequenceDataT" value="IFS.DataAccess.Entity.IssCashSequenceData, IFS.DataAccess"/>
        <entry key="GsmCompanySequenceDataT" value="IFS.DataAccess.Entity.GsmCompanySequenceData, IFS.DataAccess"/>
        <entry key="GsmOfficeSequenceDataT" value="IFS.DataAccess.Entity.GsmOfficeSequenceData, IFS.DataAccess"/>
        <entry key="GsmContactPersonSequenceDataT" value="IFS.DataAccess.Entity.GsmContactPersonSequenceData, IFS.DataAccess"/>
        <entry key="SecurityPricingCommentsSequenceDataT" value="IFS.DataAccess.Entity.SecurityPricingCommentsSequenceData, IFS.DataAccess"/>
        <entry key="SoftLockSnapshotSequenceDataT" value="IFS.DataAccess.Entity.SoftLockSnapshotSequenceData, IFS.DataAccess"/>
        <entry key="LockedTransactionXrefSequenceDataT" value="IFS.DataAccess.Entity.LockedTransactionXrefSequenceData, IFS.DataAccess"/>
        <entry key="ChecklistLinkGroupSequenceDataT" value="IFS.DataAccess.Entity.ChecklistLinkGroupSequenceData, IFS.DataAccess"/>
        <entry key="DueEstimateAndFinalsCommentSequenceDataT" value="IFS.DataAccess.Entity.DueEstimateAndFinalsCommentSequenceData, IFS.DataAccess"/>
        <entry key="SecurityPricingPortfolioSequenceDataT" value="IFS.DataAccess.Entity.SecurityPricingPortfolioSequenceData, IFS.DataAccess"/>
        <entry key="SecurityPricingGroupSequenceDataT" value="IFS.DataAccess.Entity.SecurityPricingGroupSequenceData, IFS.DataAccess"/>
        <entry key="SecurityPricingAttachmentGroupSequenceDataT" value="IFS.DataAccess.Entity.SecurityPricingAttachmentGroupSequenceData, IFS.DataAccess"/>
      </dictionary>
    </property>
  </object>
  <!-- End of Sequence providers -->
	
</objects>

  
