<FUND_OPERATIONS xmlns:xsi="http://www.w3.org/2001/XMLSchema-instance" xsi:noNamespaceSchemaLocation="XML.FundOperations_2.56.xsd">
    <FUND_OPERATION>
        <PORTFOLIO_IDENTIFIER>Webfolio XML Import - RED</PORTFOLIO_IDENTIFIER>
        <PORTFOLIO_DETAILS_EXPORT_ONLY>
            <CODE>WXML_RED</CODE>
            <EXTERNAL_ID></EXTERNAL_ID>
            <INTERNAL_KEY>291</INTERNAL_KEY>
            <CURRENCY>USD</CURRENCY>
            <CUSTOM_FIELDS>
                <CUSTOM_FIELD>
                    <FIELD>Test 55</FIELD>
                    <VALUE>Test 56</VALUE>
                </CUSTOM_FIELD>
                <CUSTOM_FIELD>
                    <FIELD>Test 88</FIELD>
                    <VALUE>Test URL</VALUE>
                </CUSTOM_FIELD>
                <CUSTOM_FIELD>
                    <FIELD>Test 77</FIELD>
                    <VALUE>Retest</VALUE>
                </CUSTOM_FIELD>
                <CUSTOM_FIELD>
                    <FIELD>Test 66</FIELD>
                    <VALUE>true</VALUE>
                </CUSTOM_FIELD>
            </CUSTOM_FIELDS>
            <MANAGEMENTCOMPANY_DETAILS_EXPORT_ONLY>
                <CODE>01</CODE>
                <NAME>BR Test FOF</NAME>
                <CONTACT_MANAGEMENTCOMPANY_DETAILS_EXPORT_ONLY>
                    <ALIAS>Digital Shape Technologies</ALIAS>
                    <EXTERNAL_ID>AutoWF</EXTERNAL_ID>
                    <INTERNAL_KEY>34</INTERNAL_KEY>
                    <CUSTOM_FIELDS>
                        <CUSTOM_FIELD>
                            <FIELD>LOGO PICTURE 1</FIELD>
                            <VALUE>\\wfdev\WebfolioResources_dst_wf_qa258\\IAM_Banner.jpg</VALUE>
                        </CUSTOM_FIELD>
                        <CUSTOM_FIELD>
                            <FIELD>LOGO PICTURE</FIELD>
                            <VALUE>\\wfdev\WebfolioResources_dst_wf_qa258\\IAM_Logo2.jpg</VALUE>
                        </CUSTOM_FIELD>
                        <CUSTOM_FIELD>
                            <FIELD>Test Fiedl 44</FIELD>
                            <VALUE>TED</VALUE>
                        </CUSTOM_FIELD>
                        <CUSTOM_FIELD>
                            <FIELD>LR TEST</FIELD>
                            <VALUE>false</VALUE>
                        </CUSTOM_FIELD>
                    </CUSTOM_FIELDS>
                </CONTACT_MANAGEMENTCOMPANY_DETAILS_EXPORT_ONLY>
            </MANAGEMENTCOMPANY_DETAILS_EXPORT_ONLY>
        </PORTFOLIO_DETAILS_EXPORT_ONLY>
        <SECURITY_IDENTIFIER>Fund Webfolio Import DISTR - A</SECURITY_IDENTIFIER>
        <SECURITY_DETAILS_EXPORT_ONLY>
            <INTERNAL_KEY>713</INTERNAL_KEY>
            <SYMBOL></SYMBOL>
            <ISIN></ISIN>
            <RIC></RIC>
            <CUSIP></CUSIP>
            <BLOOMBERG></BLOOMBERG>
            <TELEKURS></TELEKURS>
            <EXTERNAL_ID>2948433</EXTERNAL_ID>
            <CUSTOM_FIELDS>
                <CUSTOM_FIELD>
                    <FIELD>Size</FIELD>
                    <VALUE>AUM &gt; 1B</VALUE>
                </CUSTOM_FIELD>
                <CUSTOM_FIELD>
                    <FIELD>Googleyyy</FIELD>
                    <VALUE>http://www.google.com</VALUE>
                </CUSTOM_FIELD>
                <CUSTOM_FIELD>
                    <FIELD>Exchange Traded</FIELD>
                    <VALUE>false</VALUE>
                </CUSTOM_FIELD>
                <CUSTOM_FIELD>
                    <FIELD>Core/Non Core</FIELD>
                    <VALUE>Non Core</VALUE>
                </CUSTOM_FIELD>
            </CUSTOM_FIELDS>
        </SECURITY_DETAILS_EXPORT_ONLY>
        <SECURITY_ACCOUNT_IDENTIFIER>02.USD.001</SECURITY_ACCOUNT_IDENTIFIER>
        <CASH_ACCOUNT_IDENTIFIER>01.USD.001</CASH_ACCOUNT_IDENTIFIER>
        <CASH_ACCOUNT_IDENTIFIER_DETAILS_EXPORT_ONLY>
            <CODE>01.USD.001</CODE>
            <EXTERNAL_ID></EXTERNAL_ID>
            <INTERNAL_KEY>1488</INTERNAL_KEY>
            <EXTERNAL_CODE>SSB 123456</EXTERNAL_CODE>
            <CUSTOM_FIELDS>
                <CUSTOM_FIELD>
                    <FIELD>TICKET LONGONLY</FIELD>
                    <VALUE>false</VALUE>
                </CUSTOM_FIELD>
            </CUSTOM_FIELDS>
            <CONTACT_BANK_DETAILS_EXPORT_ONLY>
                <ALIAS>Cladwell Investment Bank USA</ALIAS>
                <EXTERNAL_ID>Clearer</EXTERNAL_ID>
                <INTERNAL_KEY>243</INTERNAL_KEY>
                <CUSTOM_FIELDS>
                    <CUSTOM_FIELD>
                        <FIELD>Test Fiedl 44</FIELD>
                        <VALUE>TED</VALUE>
                    </CUSTOM_FIELD>
                    <CUSTOM_FIELD>
                        <FIELD>LR TEST</FIELD>
                        <VALUE>false</VALUE>
                    </CUSTOM_FIELD>
                </CUSTOM_FIELDS>
            </CONTACT_BANK_DETAILS_EXPORT_ONLY>
        </CASH_ACCOUNT_IDENTIFIER_DETAILS_EXPORT_ONLY>
        <SECURITY_ACCOUNT_IDENTIFIER_DETAILS_EXPORT_ONLY>
            <CODE>02.USD.001</CODE>
            <EXTERNAL_ID></EXTERNAL_ID>
            <INTERNAL_KEY>1489</INTERNAL_KEY>
            <EXTERNAL_CODE></EXTERNAL_CODE>
            <CUSTOM_FIELDS>
                <CUSTOM_FIELD>
                    <FIELD>TICKET LONGONLY</FIELD>
                    <VALUE>false</VALUE>
                </CUSTOM_FIELD>
            </CUSTOM_FIELDS>
        </SECURITY_ACCOUNT_IDENTIFIER_DETAILS_EXPORT_ONLY>
        <TYPE>RED</TYPE>
        <SUB_TYPE>CAPRECRED</SUB_TYPE>
        <SECURITY_CURRENCY>USD</SECURITY_CURRENCY>
        <AMOUNT_EXPRESSION>AMOUNT</AMOUNT_EXPRESSION>
        <AMOUNT>25000.0</AMOUNT>
        <SHARES>0.0</SHARES>
        <BOOK_NAV>0.0</BOOK_NAV>
        <INTERNAL_KEY>TRDE</INTERNAL_KEY>
        <STATUS>NEWREQ</STATUS>
        <OPERATION_DATE>10/02/2013</OPERATION_DATE>
        <VALUE_DATE>10/02/2013</VALUE_DATE>
        <EXTERNAL_ID>1233333</EXTERNAL_ID>
        <EXTERNAL_STATUS>0</EXTERNAL_STATUS>
        <EXTERNAL_STATUS_NAME></EXTERNAL_STATUS_NAME>
        <EXTERNAL_UPDATE></EXTERNAL_UPDATE>
        <AUTO_UPDATE>true</AUTO_UPDATE>
        <VALIDATION_COMMENTS></VALIDATION_COMMENTS>
        <OPERATOR>Admin</OPERATOR>
        <CONNECTED_USER>Admin</CONNECTED_USER>
        <COMMENTS></COMMENTS>
        <INITIAL_INVESTMENT_DATE></INITIAL_INVESTMENT_DATE>
        <SETTLEMENT_DATE>10/02/2013</SETTLEMENT_DATE>
        <NOTICE_DATE>10/02/2013</NOTICE_DATE>
        <INITIATOR></INITIATOR>
        <REQUEST_ORIGIN></REQUEST_ORIGIN>
        <AUTO_UPDATE_DATES>false</AUTO_UPDATE_DATES>
        <ALLOW_AUTOMATIC_UPDATE>true</ALLOW_AUTOMATIC_UPDATE>
        <CONTROLLER>Admin</CONTROLLER>
        <BANK_TICKET></BANK_TICKET>
        <ACCOUNT_TICKET></ACCOUNT_TICKET>
        <BOOK_EQUALIZATION_CREDIT_AMOUNT></BOOK_EQUALIZATION_CREDIT_AMOUNT>
        <QUOTE_SOURCE></QUOTE_SOURCE>
        <HOLD_OVER_DATE></HOLD_OVER_DATE>
        <LAST_EQUALIZATION_CREDIT_AMOUNT></LAST_EQUALIZATION_CREDIT_AMOUNT>
        <BOOK_NAV_STATUS></BOOK_NAV_STATUS>
        <BOOK_SPOT></BOOK_SPOT>
        <BUY_NAV></BUY_NAV>
        <CROSS_EXPRESSION></CROSS_EXPRESSION>
        <EQUALIZATION_CREDIT_STATUS></EQUALIZATION_CREDIT_STATUS>
        <LAST_EQUALIZATION_CREDIT_SHARES></LAST_EQUALIZATION_CREDIT_SHARES>
    </FUND_OPERATION>
</FUND_OPERATIONS>