﻿<?xml version="1.0"?>
<!DOCTYPE process SYSTEM "ProcessDefinition.dtd">
<process name="TradeBlotterService_ProcessGridChanges" default_retries="2" default_timeout="1000">  
    <state name="start">
      <component-action component="TradeBlotterService" method="ProcessGridChanges">
        <arguments>
          <argument expression="request['parameters']"/>
          <argument expression="request['sessionData']"/>
        </arguments>
        <return-value expression="request['result']" />
      </component-action>
      <arc task-status="complete" next-state="finish"/>
    </state>
</process>