<?xml version="1.0"?>
<!DOCTYPE process SYSTEM "ProcessDefinition.dtd">
<process name="CentralPricingService_GetSecurityPricingsStatistics" default_retries="2" default_timeout="1000">
  <state name="start">
    <component-action component="ServicesResolver" method="ProcessRequest">
      <arguments>
        <argument expression="request['parameters']"/>
        <argument expression="request['sessionData']"/>
        <argument expression="'CentralPricingService_GetSecurityPricingsStatistics'"/>
      </arguments>
      <return-value expression="request['result']" />
    </component-action>
    <arc task-status="complete" next-state="finish"/>
  </state>
</process>